total_cost,holding_cost,stockout_cost,ordering_cost,overflow_cost,service_penalty_shaping,fill_rate,stockout_units,demand_units,n_order_events,avg_inventory,inventory_std,episode,policy
1562555.0325102806,1074760.2154541016,340960.7475280762,121095.0,25739.069528102875,190257.83224487305,0.8960428477800555,34096.074699401855,327982.0,24219,2944.548535490689,914.3798507130971,0,IPPO
1561795.4947708845,1073850.2186279297,345847.7581176758,120700.0,21397.518025279045,195421.4144744873,0.8944797915606071,34584.77591705322,327755.0,24140,2942.055393501177,860.8716872860751,1,IPPO
1539354.9120428562,1059624.5686035156,335400.383895874,121105.0,23224.959543466568,181786.73489379883,0.8977462799792575,33540.03819656372,328008.0,24221,2903.0810098726456,861.9951632912947,2,IPPO
1554172.9035589695,1063941.2315673828,342478.0866699219,121490.0,26263.58532166481,193008.91943359375,0.8957838965495839,34247.808564186096,328623.0,24298,2914.9074837462545,871.6934016611198,3,IPPO
1552271.0792940855,1063850.548461914,339795.183303833,122025.0,26600.347528338432,188223.13021850586,0.8963419654597995,33979.51835441589,327804.0,24405,2914.659036881956,877.8625668927554,4,IPPO
1556376.6720151901,1064665.0637207031,344162.3042907715,121735.0,25814.304003715515,185444.80154418945,0.89502221928725,34416.23056221008,327843.0,24347,2916.890585536173,897.0858951569559,5,IPPO
1526811.4477665424,1039642.4768066406,346677.631439209,121730.0,18761.339520692825,189095.53872680664,0.8943934983769612,34667.763107299805,328273.0,24346,2848.335552894906,772.2660756983072,6,IPPO
1537271.1901917458,1048760.4636230469,345162.19970703125,121990.0,21358.526861667633,193213.03826904297,0.8956886155307537,34516.21987533569,330896.0,24398,2873.3163386932792,783.2769801696859,7,IPPO
1520542.720995903,1027810.6330566406,348526.5836791992,122360.0,21845.50426006317,191099.59741210938,0.8958779838431205,34852.65834617615,334729.0,24472,2815.919542620933,772.2284601414996,8,IPPO
1530397.9178974628,1037992.2633056641,346511.82971191406,122985.0,22908.82487988472,196826.83172607422,0.8969680720515687,34651.182847976685,336315.0,24597,2843.814420015518,804.588895103032,9,IPPO
1514204.3306136131,1024022.8558349609,345447.7838745117,123090.0,21643.690904140472,188211.9818725586,0.8981646868964299,34544.77858161926,339222.0,24618,2805.5420707807148,777.9598384557521,10,IPPO
1537210.6318044662,1030118.0093994141,354432.45599365234,124445.0,28215.16641139984,208353.01733398438,0.896580085753504,35443.24565124512,342712.0,24889,2822.24112164223,779.388100873444,11,IPPO
1508495.3272242546,1012229.4517822266,351604.02925109863,123950.0,20711.846190929413,188134.1019897461,0.8980553528352666,35160.40297317505,344897.0,24790,2773.231374745826,803.0429862070349,12,IPPO
1488768.1935374737,999416.0676269531,346450.6314086914,124175.0,18726.494501829147,180848.31396484375,0.8997840258114771,34645.06314086914,345704.0,24835,2738.1262126765837,781.8501262160343,13,IPPO
1493817.017522812,998543.078125,349764.15269470215,124515.0,20994.78670310974,188406.38290405273,0.898836368089654,34976.41526031494,345741.0,24903,2735.7344606164384,757.6603952223442,14,IPPO
1502626.2114815712,1003987.4736328125,353558.393951416,124100.0,20980.343897342682,179735.1716003418,0.897782405520778,35355.839319229126,345888.0,24820,2750.650612692637,793.4284614602986,15,IPPO
1508590.4905788898,1011479.5784912109,351462.8767089844,124790.0,20858.035378694534,182396.54446411133,0.8989590453801074,35146.2877368927,347842.0,24958,2771.1769273731807,824.349514287403,16,IPPO
1517356.7070384026,1016738.0921630859,357163.2591705322,124705.0,18750.355704784393,192788.15188598633,0.8973751367731213,35716.325899124146,348028.0,24941,2785.583814145441,759.922578205734,17,IPPO
1504409.7445232868,1007170.7092285156,350499.13681030273,124890.0,21849.89848446846,187757.4924621582,0.8992752004520086,35049.9135723114,347977.0,24978,2759.3718061055224,810.5653917245492,18,IPPO
1508343.846567154,1011532.1188964844,351202.75927734375,125215.0,20393.968393325806,190928.96298217773,0.8993820987137331,35120.27597236633,349046.0,25043,2771.3208736889983,809.1902713789449,19,IPPO
1511693.1302175522,1006254.1945800781,354294.42013549805,125640.0,25504.515501976013,193598.4305114746,0.8983813554269843,35429.44204902649,348651.0,25128,2756.8608070687073,794.7619982295695,20,IPPO
1510634.076501608,1012212.9700927734,354164.6997375488,124965.0,19291.40667128563,184268.7131652832,0.8986133961134252,35416.46985626221,349321.0,24993,2773.186219432256,776.7774411737101,21,IPPO
1510547.2937672138,1003669.3614501953,354316.1015472412,126125.0,26436.830769777298,196511.6353149414,0.8986275130733883,35431.61025810242,349519.0,25225,2749.7790724662887,797.1964422991464,22,IPPO
1515551.3487677574,1006466.4593505859,358607.2039489746,125960.0,24517.68546819687,194061.3682861328,0.8974030252703917,35860.72057723999,349530.0,25192,2757.442354385167,803.3121584983245,23,IPPO
1529712.661458969,1014901.146484375,362571.58839416504,126350.0,25889.926580429077,201052.5909729004,0.8964211385660474,36257.1589717865,350044.0,25270,2780.5510862585616,866.8993282035195,24,IPPO
1548900.575867653,1022927.2546386719,365584.8738708496,127145.0,33243.44735813141,237433.78680419922,0.8953720021853917,36558.487228393555,349414.0,25429,2802.540423667594,852.1259711482463,25,IPPO
1512421.1765598059,1009089.6663818359,354533.4029083252,126285.0,22513.107269644737,185421.86270141602,0.8986705791837041,35453.34041404724,349882.0,25257,2764.629222963934,822.4087623880591,26,IPPO
1488614.3664782047,984898.8784179688,356169.61334228516,126710.0,20835.87471795082,200031.41445922852,0.8984319739535084,35616.96126174927,350671.0,25342,2698.3530915560787,723.1527136313314,27,IPPO
1459092.297926426,966237.7399902344,353181.28437805176,126950.0,12723.273558139801,177130.12451171875,0.9001308418714719,35318.1285572052,353644.0,25390,2647.226684904752,695.1709597020741,28,IPPO
1441598.257739544,956388.2418212891,343406.99688720703,127325.0,14478.019031047821,180772.32717895508,0.9037158645035634,34340.69976615906,356660.0,25465,2620.2417584144905,669.676050154248,29,IPPO
1777274.3050260544,825395.0285644531,834032.7938537598,89765.0,28081.48260784149,1821292.3115234375,0.7457077547008895,83403.27919769287,327982.0,17953,2261.3562426423373,570.3785529401567,0,EOQ
1783860.8354207277,830217.986328125,835393.6480865479,89875.0,28374.20100605488,1819294.8700714111,0.7451164302519534,83539.364402771,327755.0,17975,2274.5698255565067,571.4907608592648,1,EOQ
1770052.164960146,829598.0944824219,823793.2762756348,90180.0,26480.79420208931,1806523.4154968262,0.7488496390171963,82379.3276052475,328008.0,18036,2272.871491732663,590.6933413762141,2,EOQ
1773530.7028300762,817492.8843994141,837111.3144073486,90060.0,28866.504023313522,1829308.3881835938,0.7452669734443322,83711.13138580322,328623.0,18012,2239.7065326011343,579.8349920596511,3,EOQ
1772635.376913786,825057.0041503906,827038.0984039307,90650.0,29890.274359464645,1836774.6243286133,0.7477034742133287,82703.810338974,327804.0,18130,2260.4301483572344,586.2767549077073,4,EOQ
1759959.1346349716,818723.8023681641,824407.5243225098,90355.0,26472.80794429779,1696699.8772583008,0.7485358772239783,82440.75240325928,327843.0,18071,2243.0789105977096,561.7702424899207,5,EOQ
1773937.0649266243,830580.830078125,825938.0418701172,90640.0,26778.19297838211,1687613.0454711914,0.7483990332171663,82593.80416870117,328273.0,18128,2275.56391802226,611.9406537204853,6,EOQ
1772377.8707704544,825552.8740234375,825963.8914642334,91330.0,29531.10528278351,1673535.3219604492,0.750385652951787,82596.38898086548,330896.0,18266,2261.788695954623,612.8422314277162,7,EOQ
1775038.1376624107,817292.8295898438,840583.5711669922,91135.0,26026.7369055748,1701454.7044067383,0.7488763825951075,84058.35733032227,334729.0,18227,2239.1584372324487,577.0772990178765,8,EOQ
1774644.8792128563,812365.2111816406,843948.5163116455,91640.0,26691.15171957016,1725626.9926757812,0.7490601026088333,84394.85159111023,336315.0,18328,2225.658112826413,585.608373896123,9,EOQ
1785386.0957860947,800108.9210205078,861837.1723022461,92080.0,31360.00246334076,1753488.5057373047,0.7459371228970988,86183.71729660034,339222.0,18416,2192.0792356726242,561.46109369976,10,EOQ
1773424.1068658829,794622.6918945312,858339.1411590576,92335.0,28127.273812294006,1750957.3424377441,0.7495450570571711,85833.91440582275,342712.0,18467,2177.048470943921,547.5804172850266,11,EOQ
1774696.194322586,785161.9432373047,871487.3091125488,92340.0,25706.941972732544,1771675.842376709,0.7473195448887242,87148.73092651367,344897.0,18468,2151.128611609054,554.8036480480722,12,EOQ
1775131.8923768997,780286.7149658203,875958.1210327148,92585.0,26302.056378364563,1776821.1879882812,0.7466161454711226,87595.81204605103,345704.0,18517,2137.7718218241653,525.6698028020049,13,EOQ
1784448.7244513035,791058.5172119141,872102.6366271973,92760.0,28527.570612192154,1779509.2414245605,0.747758397728035,87210.26381111145,345741.0,18552,2167.2836087997644,555.8689728420137,14,EOQ
1793079.6427874565,788683.0346679688,881387.4299621582,92815.0,30194.17815732956,1800966.786895752,0.7451812638662075,88138.74300384521,345888.0,18563,2160.77543744649,558.1237272332237,15,EOQ
1784359.571918726,780061.2081298828,880698.9389343262,93315.0,30284.424854516983,1798526.3991088867,0.7468106385113449,88069.89387893677,347842.0,18663,2137.153994876391,539.7830762838319,16,EOQ
1784427.5028033257,780573.5985107422,882739.3965148926,93185.0,27929.507777690887,1787790.5345458984,0.7463596611922181,88273.93983459473,348028.0,18637,2138.5578041390195,538.7853260893608,17,EOQ
1793238.9458699226,787187.9703369141,882860.3181915283,93295.0,29895.657341480255,1797914.8904418945,0.7462877377763598,88286.03187179565,347977.0,18659,2156.679370786066,559.7229201989603,18,EOQ
1790695.686062336,779063.6571044922,888226.6899719238,93545.0,29860.338985919952,1820402.041809082,0.7455273262208799,88822.66889190674,349046.0,18709,2134.420978368472,530.1153174967432,19,EOQ
1779483.3486948013,777780.7086181641,878206.7291259766,93850.0,29645.910950660706,1796594.165435791,0.7481129474405147,87820.67276191711,348651.0,18770,2130.906051008669,536.2570681346162,20,EOQ
1781709.562747717,779842.3269042969,879434.5815124512,93660.0,28772.654330968857,1792347.2961425781,0.7482445728725569,87943.45755958557,349321.0,18732,2136.554320285745,555.9203622606952,21,EOQ
1779070.359055519,776722.3255615234,879316.7911071777,93915.0,29116.242386817932,1807146.2940673828,0.7484208900673195,87931.67892456055,349519.0,18783,2128.006371401434,570.3381080047898,22,EOQ
1784853.9845881462,777090.7153320312,880132.5742492676,94205.0,33425.69500684738,1828216.5711669922,0.7481954118224803,88013.25770568848,349530.0,18841,2129.0156584439214,554.2054940000884,23,EOQ
1788640.4910845757,780388.2171630859,883827.7854003906,94160.0,30264.48852109909,1829685.2110595703,0.747509517512314,88382.77845191956,350044.0,18832,2138.049910035852,563.7147469821282,24,EOQ
1797850.7739417553,783291.0974121094,889448.2059326172,94180.0,30931.470597028732,1858374.6542358398,0.7454457447572741,88944.82054138184,349414.0,18836,2146.0030066085187,564.4170970011199,25,EOQ
1762491.3105511665,769041.2861328125,872800.3321228027,94230.0,26419.6922955513,1683430.8045654297,0.7505443737150767,87280.03343582153,349882.0,18846,2106.96242776113,509.2324096339664,26,EOQ
1794526.8583106995,790826.8095703125,880650.637878418,94495.0,28554.410861968994,1664032.337463379,0.7488669902078184,88065.0636768341,350671.0,18899,2166.648793343322,614.2934949353397,27,EOQ
1789361.7793655396,778071.5748291016,889814.2486572266,94730.0,26745.955879211426,1679143.5684814453,0.7483870081533666,88981.42488861084,353644.0,18946,2131.7029447372647,584.7410126775982,28,EOQ
1784736.190229416,774689.3035888672,888067.4789733887,95280.0,26699.407667160034,1674108.221130371,0.7510044641772302,88806.74780654907,356660.0,19056,2122.4364481886773,559.8879637000346,29,EOQ
1539275.124145031,845179.9405517578,531884.5352478027,145125.0,17085.64834547043,447375.4758605957,0.8378311806481799,53188.45370864868,327982.0,29025,2315.56148096372,737.0470278980014,0,"(s,S)"
1554281.0622563362,855928.3386230469,534989.3442993164,145150.0,18213.37933397293,461354.53495788574,0.8367715694304526,53498.93426132202,327755.0,29030,2345.0091469124573,757.4234928526181,1,"(s,S)"
1540035.005529523,850794.9721679688,526457.3600616455,144995.0,17787.673299908638,457409.2640991211,0.8394986214438537,52645.73617744446,328008.0,28999,2330.9451292273116,753.7062362506697,2,"(s,S)"
1536890.717367649,848365.8353271484,525713.9895782471,145450.0,17360.89246225357,425450.1781616211,0.8400251995289151,52571.39885520935,328623.0,29090,2324.289959800407,766.312920428409,3,"(s,S)"
1534680.455085516,850459.6333007812,520291.44480895996,146010.0,17919.376975774765,497910.6336669922,0.8412797147319326,52029.14439201355,327804.0,29202,2330.02639260488,762.5430061719547,4,"(s,S)"
1522325.6636873484,830198.9375,530633.86328125,145955.0,15537.862906098366,474074.7933959961,0.8381439089287475,53063.38646507263,327843.0,29191,2274.5176369863016,707.5355794855858,5,"(s,S)"
1537288.192229271,836931.6109619141,538185.5254821777,146100.0,16071.055785179138,436299.71380615234,0.8360555009693496,53818.552530288696,328273.0,29220,2292.963317703874,722.8778466632347,6,"(s,S)"
1524387.5664377213,835656.2823486328,525235.9629364014,146695.0,16800.321152687073,418723.1008300781,0.8412685667106397,52523.59634971619,330896.0,29339,2289.469266708583,700.5502881883122,7,"(s,S)"
1520506.7474864721,823925.5598144531,531505.9394836426,147200.0,17875.248188376427,419636.727142334,0.8412130592930849,53150.59387588501,334729.0,29440,2257.3303008615153,679.0993825113626,8,"(s,S)"
1526388.487277627,823776.1702880859,536908.8594055176,147610.0,18093.457584023476,440872.6085510254,0.8403553631261635,53690.886050224304,336315.0,29522,2256.9210144879066,714.6141460486822,9,"(s,S)"
1523291.8708240986,821944.3646240234,536291.0973052979,147985.0,17071.408894777298,413122.03256225586,0.8419055666806206,53629.10985946655,339222.0,29597,2251.9023688329407,705.395309907751,10,"(s,S)"
1510590.1174049377,807104.7739257812,536605.2353668213,148450.0,18430.108112335205,417577.00173950195,0.8434238562566893,53660.523374557495,342712.0,29690,2211.2459559610447,698.5566486618492,11,"(s,S)"
1514566.8961331844,804462.5466308594,543978.6633148193,148925.0,17200.686187505722,420611.03509521484,0.8422779365104015,54397.86653137207,344897.0,29785,2204.006977070848,725.6533959184276,12,"(s,S)"
1527982.1882600784,803401.9656982422,558794.1260070801,148915.0,16871.096554756165,434480.154296875,0.8383605257074953,55879.41282081604,345704.0,29783,2201.101275885595,742.6736206135806,13,"(s,S)"
1519672.4180936813,806994.0362548828,545381.1616210938,148865.0,18432.220217704773,408847.1885070801,0.8422573077992477,54538.1161441803,345741.0,29773,2210.9425650818707,741.0246922880729,14,"(s,S)"
1525322.4074110985,799328.2407226562,557991.1681365967,149215.0,18787.99855184555,436577.98544311523,0.8386786557256332,55799.11712837219,345888.0,29843,2189.940385541524,719.1146088581887,15,"(s,S)"
1508868.7591449618,797731.3118896484,545607.8397216797,149550.0,15979.607533633709,411561.2273864746,0.8431449228644117,54560.783740997314,347842.0,29910,2185.5652380538313,721.6984103755609,16,"(s,S)"
1521398.231434822,806472.1086425781,547847.2656860352,149400.0,17678.8571062088,400905.7463378906,0.84258528973602,54784.72678375244,348028.0,29880,2209.512626418022,706.2351971719319,17,"(s,S)"
1529599.6785484552,800583.4345703125,559796.5401000977,150160.0,19059.703878045082,443359.54135131836,0.8391282938901516,55979.653676986694,347977.0,30032,2193.379272795377,718.4118830118689,18,"(s,S)"
1520485.3780623674,800354.544921875,551788.1230010986,149825.0,18517.710139393806,417013.78607177734,0.8419153568221068,55178.8123626709,349046.0,29965,2192.7521778681507,709.906391714145,19,"(s,S)"
1517294.7593560219,794692.2104492188,552637.3885650635,150420.0,19545.160341739655,432405.52770996094,0.8414926709598979,55263.738777160645,348651.0,30084,2177.2389327375854,701.6276207661377,20,"(s,S)"
1512377.6330373287,799378.5463867188,543420.3101501465,150570.0,19008.776500463486,391108.8547973633,0.8444352584414678,54342.03108596802,349321.0,30114,2190.0782092786817,730.1144424384988,21,"(s,S)"
1517147.969891131,792824.5714111328,555201.4272155762,150680.0,18441.97126442194,440160.9878234863,0.8411527199464535,55520.14247703552,349519.0,30136,2172.1221134551583,721.8245990988954,22,"(s,S)"
1523303.53341043,798621.4055175781,554046.1739807129,150940.0,19695.95391213894,455827.4482727051,0.8414882341775111,55404.61750793457,349530.0,30188,2188.0038507330905,713.8245393808405,23,"(s,S)"
1522234.7753123045,797598.0104980469,555706.6785583496,151005.0,17925.086255908012,436100.0134277344,0.8412466201981001,55570.66807937622,350044.0,30201,2185.200028761772,737.6537779002143,24,"(s,S)"
1534604.2488851547,794426.0129394531,569197.2407531738,151390.0,19590.99519252777,526066.69921875,0.8370994753696396,56919.72391319275,349414.0,30278,2176.509624491652,694.2907758523802,25,"(s,S)"
1482638.6349673271,768754.0374755859,545546.7144317627,151850.0,16487.883059978485,415211.9100036621,0.8440769425834909,54554.67117500305,349882.0,30370,2106.1754451385914,620.5663685806431,26,"(s,S)"
1500758.934634447,779570.2944335938,554563.7866210938,151655.0,14969.853579759598,411337.48107910156,0.8418563876648401,55456.37868118286,350671.0,30331,2135.809025845462,618.1462287855067,27,"(s,S)"
1496333.3405964375,770148.2763671875,557194.2724609375,152185.0,16805.791768312454,389758.1566467285,0.8424420398549449,55719.42725753784,353644.0,30437,2109.995277718322,628.1043545601815,28,"(s,S)"
1482147.113797903,767311.5059814453,544749.8578491211,153010.0,17075.749967336655,380672.16973876953,0.8472635398047174,54474.98589324951,356660.0,30602,2102.2233040587544,611.5307714503253,29,"(s,S)"
1561434.4920442104,856693.2614746094,509821.06951904297,179710.0,15210.16105055809,401553.17010498047,0.8445582164455466,50982.107053756714,327982.0,35942,2347.104825957834,826.3752153286357,0,Newsvendor
1585486.7177530527,865902.1427001953,525057.4450378418,179800.0,14727.130015015602,421413.55659484863,0.8398018506154816,52505.74445152283,327755.0,35960,2372.334637534782,843.9249456842757,1,Newsvendor
1568025.816332817,858044.1911621094,515313.0628967285,179905.0,14763.562273979187,432632.61779785156,0.8428961903882438,51531.306383132935,328008.0,35981,2350.8060031838613,833.8597847840243,2,Newsvendor
1559328.9472376108,847206.1785888672,515456.1485443115,180325.0,16341.620104432106,402393.59170532227,0.8431466612025619,51545.61475563049,328623.0,36065,2321.1128180516907,808.5904747094282,3,Newsvendor
1565095.9778056145,857554.2746582031,511239.9521179199,180520.0,15781.751029491425,461024.38272094727,0.8440409659454934,51123.99519920349,327804.0,36104,2349.463766186858,831.2531914950722,4,Newsvendor
1548859.229543686,835077.7077636719,519866.75202941895,180805.0,13109.769750595093,447438.4582519531,0.8414281375293786,51986.67510795593,327843.0,36161,2287.884130859375,793.5412135957098,5,Newsvendor
1566830.9612562656,839140.1372070312,532648.1128387451,181270.0,13772.711210489273,425943.6512145996,0.8377423323609071,53264.81132888794,328273.0,36254,2299.0140745398116,782.2690528761517,6,Newsvendor
1550108.630737424,834768.9527587891,518700.82051086426,181550.0,15088.857467770576,398704.94427490234,0.8432435507147439,51870.08204269409,330896.0,36310,2287.0382267364084,761.7327061134678,7,Newsvendor
1553357.1362185478,833244.5549316406,521283.52642822266,182495.0,16334.05485868454,407899.71868896484,0.8442669965597694,52128.35250854492,334729.0,36499,2282.861794333262,752.5297449230924,8,Newsvendor
1554397.7339452505,820536.5328369141,534793.6182250977,182865.0,16202.582883238792,443316.77432250977,0.8409843094733883,53479.3619594574,336315.0,36573,2248.0452954436,755.9606034645763,9,Newsvendor
1555319.4905346632,822983.0512695312,532858.4763793945,183095.0,16382.96288573742,419146.4223327637,0.8429174775705778,53285.84742355347,339222.0,36619,2254.7480856699485,784.8862044505262,10,Newsvendor
1540459.3726263642,812680.4458007812,529866.8302001953,183365.0,14547.096625387669,409304.05041503906,0.8453900568063232,52986.68285179138,342712.0,36673,2226.521769317209,782.8251784526007,11,Newsvendor
1548728.0340439081,809974.8526611328,539666.0933227539,184315.0,14772.0880600214,421193.3926086426,0.8435283307088737,53966.60932350159,344897.0,36863,2219.1091853729667,806.3834280989294,12,Newsvendor
1534408.4307653904,793997.4567871094,541111.7452087402,184335.0,14964.228769540787,379598.6636352539,0.84347541639613,54111.17465019226,345704.0,36867,2175.335498046875,760.2464198182792,13,Newsvendor
1547298.5116451979,801826.0321044922,542589.4374847412,184705.0,18178.04205596447,415700.34732055664,0.8430647689900674,54258.9437046051,345741.0,36941,2196.7836496013483,775.6019215074647,14,Newsvendor
1553532.1384961605,802927.9537353516,549711.9507446289,184410.0,16482.23401618004,424528.34942626953,0.8410722689212157,54971.19504737854,345888.0,36882,2199.802612973566,794.1450333276923,15,Newsvendor
1538186.409297943,796623.3475341797,541032.6870880127,184835.0,15695.374675750732,402943.58950805664,0.8444602180496881,54103.2688331604,347842.0,36967,2182.5297192717253,766.4389723880831,16,Newsvendor
1551800.3518465757,811879.9136962891,538675.7069091797,185165.0,16079.731241106987,386533.46966552734,0.8452205835141801,53867.57076072693,348028.0,37033,2224.3285306747644,791.4852186380249,17,Newsvendor
1554632.6047267914,803938.3411865234,548536.5147094727,185275.0,16882.748830795288,402110.31942749023,0.8423641462354031,54853.651485443115,347977.0,37055,2202.5707977712973,796.9401055766344,18,Newsvendor
1548999.3351264,803227.1566162109,544033.5202026367,185450.0,16288.658307552338,401570.6237792969,0.8441370134342764,54403.35200881958,349046.0,37090,2200.6223468937287,775.851130531886,19,Newsvendor
1548716.1272447705,803806.1352539062,543170.5489501953,185705.0,16034.443040668964,417231.60119628906,0.8442079478140544,54317.05478668213,348651.0,37141,2202.2085897367297,775.1576746261162,20,Newsvendor
1538871.5644831657,799632.1831054688,536916.2568511963,186255.0,16068.124526500702,394057.68716430664,0.8462971710361501,53691.62591648102,349321.0,37251,2190.7731043985445,784.7792441567428,21,Newsvendor
1551344.9924190044,801989.6228027344,545594.2340087891,186490.0,17271.135607481003,415854.23794555664,0.8439014086511689,54559.4235496521,349519.0,37298,2197.231843295163,805.0341050278645,22,Newsvendor
1550095.6798882484,800537.7811279297,545087.788192749,186650.0,17820.110567569733,440469.87536621094,0.8440512154394474,54508.77866744995,349530.0,37330,2193.2541948710405,780.3970355808473,23,Newsvendor
1552831.7574686408,801718.8016357422,548708.8890075684,186645.0,15759.066825330257,419891.0944824219,0.8432457383327321,54870.88877105713,350044.0,37329,2196.489867495184,791.6773179961561,24,Newsvendor
1570608.8804574013,808995.7897949219,555981.9339904785,187245.0,18386.156672000885,472529.2956237793,0.8408816097233123,55598.19322013855,349414.0,37449,2216.4268213559503,797.2019656877192,25,Newsvendor
1513751.7440914512,769814.1145629883,542558.9631347656,187185.0,14193.666393697262,409381.9768676758,0.8449308731835582,54255.89622879028,349882.0,37437,2109.079765925995,690.5905390589351,26,Newsvendor
1534023.453674078,783507.4819335938,548686.0572509766,187295.0,14534.914489507675,418187.4266052246,0.843532525155486,54868.60587120056,350671.0,37459,2146.5958409139553,688.5441455228422,27,Newsvendor
1528062.9057824612,776241.04296875,548947.973815918,187810.0,15063.888997793198,390471.6032409668,0.8447738472811394,54894.797552108765,353644.0,37562,2126.6877889554794,727.6425858488691,28,Newsvendor
1510976.7508542538,772523.5794677734,535468.8834686279,188645.0,14339.287917852402,361709.83502197266,0.8498657305710035,53546.8885345459,356660.0,37729,2116.5029574459545,704.0788133354696,29,Newsvendor
